[
    {
        "scenario_0": {
            "max_lat": 37.29139325161781,
            "min_lat": 37.21979775354181,
            "max_lon": -115.78524417824534,
            "min_lon": -115.8885843284312,
            "W": 16,
            "H": 16,
            "n_radars": 1,
            "POIs": [[37.21979775, -115.88858433], 
                     [37.21979775, -115.81969089]]
        }
    },

    {
        "scenario_1": {
            "max_lat": 37.29139325161781,
            "min_lat": 37.21979775354181,
            "max_lon": -115.78524417824534,
            "min_lon": -115.8885843284312,
            "W": 16,
            "H": 16,
            "n_radars": 3,
            "POIs": [[37.21979775, -115.88858433], 
                     [37.21979775, -115.81969089]]
        }
    },

    {
        "scenario_2": {
            "max_lat": 37.29139325161781,
            "min_lat": 37.21979775354181,
            "max_lon": -115.78524417824534,
            "min_lon": -115.8885843284312,
            "W": 32,
            "H": 32,
            "n_radars": 7,
            "POIs": [[37.28908372, -115.87858367],
                     [37.27291699, -115.86524946],
                     [37.28908372, -115.83858103],
                     [37.24982167, -115.81857971]]
        }
    },

    {
        "scenario_3": {
            "max_lat": 37.29139325161781,
            "min_lat": 37.21979775354181,
            "max_lon": -115.78524417824534,
            "min_lon": -115.8885843284312,
            "W": 32,
            "H": 32,
            "n_radars": 10,
            "POIs": [[37.28908372, -115.87858367],
                     [37.27291699, -115.86524946],
                     [37.28908372, -115.83858103],
                     [37.24982167, -115.81857971]]
        }
    },

    {
        "scenario_4": {
            "max_lat": 37.29139325161781,
            "min_lat": 37.21979775354181,
            "max_lon": -115.78524417824534,
            "min_lon": -115.8885843284312,
            "W": 32,
            "H": 32,
            "n_radars": 16,
            "POIs": [[37.28908372, -115.87858367],
                     [37.27291699, -115.86524946],
                     [37.28908372, -115.83858103],
                     [37.24982167, -115.81857971]]
        }
    },

    {
        "scenario_5": {
            "max_lat": 37.29139325161781,
            "min_lat": 37.21979775354181,
            "max_lon": -115.78524417824534,
            "min_lon": -115.8885843284312,
            "W": 64,
            "H": 64,
            "n_radars": 16,
            "POIs": [[37.21979775, -115.83445377], 
                     [37.21979775, -115.79016514], 
                     [37.25048154, -115.79016514], 
                     [37.28798394, -115.80164738], 
                     [37.28798394, -115.83773441], 
                     [37.28798394, -115.86397953]]
        }
    },

    {
        "scenario_6": {
            "max_lat": 37.29139325161781,
            "min_lat": 37.21979775354181,
            "max_lon": -115.78524417824534,
            "min_lon": -115.8885843284312,
            "W": 64,
            "H": 64,
            "n_radars": 20,
            "POIs": [[37.21979775, -115.83445377], 
                     [37.21979775, -115.79016514], 
                     [37.25048154, -115.79016514], 
                     [37.28798394, -115.80164738], 
                     [37.28798394, -115.83773441], 
                     [37.28798394, -115.86397953]]
        }
    },

    {
        "scenario_7": {
            "max_lat": 37.29139325161781,
            "min_lat": 37.21979775354181,
            "max_lon": -115.78524417824534,
            "min_lon": -115.8885843284312,
            "W": 128,
            "H": 128,
            "n_radars": 20,
            "POIs": [[37.21979775, -115.83445377], 
                     [37.21979775, -115.79016514], 
                     [37.25048154, -115.79016514], 
                     [37.28798394, -115.80164738], 
                     [37.28798394, -115.83773441], 
                     [37.28798394, -115.86397953]]
        }
    },

    {
        "scenario_8": {
            "max_lat": 37.29139325161781,
            "min_lat": 37.21979775354181,
            "max_lon": -115.78524417824534,
            "min_lon": -115.8885843284312,
            "W": 256,
            "H": 256,
            "n_radars": 32,
            "POIs": [[37.21979775, -115.83445377], 
                     [37.21979775, -115.79016514], 
                     [37.25048154, -115.79016514], 
                     [37.28798394, -115.80164738], 
                     [37.28798394, -115.83773441], 
                     [37.28798394, -115.86397953]]
        }
    },

    {
        "scenario_9": {
            "max_lat": 37.29139325161781,
            "min_lat": 37.21979775354181,
            "max_lon": -115.78524417824534,
            "min_lon": -115.8885843284312,
            "W": 1024,
            "H": 1024,
            "n_radars": 20,
            "POIs": [[37.24394286, -115.8058516 ],
                     [37.25178128, -115.87656333],
                     [37.24135339, -115.81938784],
                     [37.25598042, -115.87050233],
                     [37.25926976, -115.85221829],
                     [37.2842547,  -115.84716745],
                     [37.26724814, -115.81383192],
                     [37.26850789, -115.8733308 ],
                     [37.2783059,  -115.80837702],
                     [37.26619835, -115.8245397 ],
                     [37.25870987, -115.81201362],
                     [37.28292497, -115.85120813],
                     [37.223507,   -115.84464204],
                     [37.27963563, -115.8613098 ],
                     [37.24072351, -115.81605429],
                     [37.25444074, -115.83120681],
                     [37.22098751, -115.83110579],
                     [37.22644641, -115.81514514],
                     [37.23841398, -115.88848331],
                     [37.25842993, -115.82049903]]
        }
    },

    {
        "scenario_10": {
            "max_lat": 37.29139325161781,
            "min_lat": 37.21979775354181,
            "max_lon": -115.78524417824534,
            "min_lon": -115.8885843284312,
            "W": 64,
            "H": 64,
            "n_radars": 5,
            "POIs": [
                [37.29500000, -116.85000000],
                [37.2955400, -116.80000000]
            ]
        }
    },

    {
        "scenario_11": {
            "max_lat": 37.29139325161781,
            "min_lat": 37.21979775354181,
            "max_lon": -115.78524417824534,
            "min_lon": -115.8885843284312,
            "W": 32,
            "H": 32,
            "n_radars": 16,
            "POIs": [[37.28908372, -115.87858367]]
        }
    },

    {
        "scenario_12": {
            "max_lat": 37.29139325161781,
            "min_lat": 37.21979775354181,
            "max_lon": -115.78524417824534,
            "min_lon": -115.8885843284312,
            "W": 5,
            "H": 5,
            "n_radars": 0,
            "POIs": [
                [37.22100000, -115.88500000],
                [37.28900000, -115.78800000]
            ]
        }
    }
    
]